[
  {
    "id": 1,
    "nombre": "Ropa",
    "producto": [
  
  {
    "id": 1,
    "nombre": "Ensalada Arequipeña",
    "precio": 215,
    "descripcion": "zapatilla baja de la marca nike",
    "imagen": "ensaladaarequipeña.jpg",
    "oferta" : 200
  },
  {
    "id": 2,
    "nombre": "Ensalada Cesar",
    "precio": 215,
    "descripcion": "zapatilla baja de la marca ad",
    "imagen": "ensaladacesar.jpg",
    "oferta" : 0
  },
  {
    "id": 3,
    "nombre": "Ensalada Francesa",
    "precio": 215,
    "descripcion": "zapatilla baja de la marca nike",
    "imagen": "ensaladafrancesa.jpg",
    "oferta" : 0
  },
  {
    "id": 4,
    "nombre": "Ensalada Romana",
    "precio": 215,
    "descripcion": "zapatilla baja de la marca nike",
    "imagen": "ensaladaromana.jpg",
    "oferta" : 100
  },
  {
    "id": 5,
    "nombre": "Ensalada Rusa",
    "precio": 215,
    "descripcion": "carteras",
    "imagen": "ensaladarusa.jpg",
    "oferta" : 0
  }

]
  },
  {
    "id": 2,
    "nombre": "Productos de Primer Necesidad",
    "producto": [
      {
        "id": 1,
        "nombre": "zapatilla nike",
        "precio": 215,
        "descripcion": "zapatilla baja de la marca nike",
        "imagen": "kqjL17yufvn9OVLyXYpvtyrFfak.jpg"
      },
      {
        "id": 2,
        "nombre": "zapatilla adidas",
        "precio": 215,
        "descripcion": "zapatilla baja de la marca ad",
        "imagen": "kqjL17yufvn9OVLyXYpvtyrFfak.jpg"
      }
    ]
  },
  {
    "id": 3,
    "nombre": "Accesorios",
    "producto": [
      {
        "id": 1,
        "nombre": "zapatilla nike",
        "precio": 215,
        "descripcion": "zapatilla baja de la marca nike",
        "imagen": "kqjL17yufvn9OVLyXYpvtyrFfak.jpg"
      },
      {
        "id": 2,
        "nombre": "zapatilla adidas",
        "precio": 215,
        "descripcion": "zapatilla baja de la marca ad",
        "imagen": "kqjL17yufvn9OVLyXYpvtyrFfak.jpg"
      }
    ]
  },
  {
    "id": 4,
    "nombre": "Electrodomesticos",
    "producto": [
      {
        "id": 1,
        "nombre": "zapatilla nike",
        "precio": 215,
        "descripcion": "zapatilla baja de la marca nike",
        "imagen": "kqjL17yufvn9OVLyXYpvtyrFfak.jpg"
      },
      {
        "id": 2,
        "nombre": "zapatilla adidas",
        "precio": 215,
        "descripcion": "zapatilla baja de la marca ad",
        "imagen": "kqjL17yufvn9OVLyXYpvtyrFfak.jpg"
      }
    ]
  }
]