[
  {
    "id": 4,
    "nombre": "Restaurant Urbina",
    "direccion": "Av. la marina 549",
    "imagen": "tienda4.jpg",
"imagenlogo": "logtienda.jpg",
"zona" : {
      "id": 1,
      "nombre" :"Tingo Maria"
   },

  "nomcategoria" : "restaurantes",
  "subcategoria" :{
     "id": 1,
     "nombre":"Cevicheria"
  },
 "horario": [
    {
      "d": "Lunes",
      "o": "9:00",
      "t": "10:00"
    },
    {
      "d": "Miercoles",
      "o": "9:00",
      "t": "10:00"
    },
    {
      "d": "Sabado",
      "o": "9:00",
      "t": "10:00"
    }
  ]
  },
  {
    "id": 5,
    "nombre": "Restaurant Julio",
    "direccion": "Av. la marina 549",
    "imagen": "tienda5.jpg",
"imagenlogo": "logtienda.jpg",
"zona" : {
      "id": 1,
      "nombre" :"Tingo Maria"
   },

  "nomcategoria" : "restaurantes",
  "subcategoria" :{
     "id": 1,
     "nombre":"Cevicheria"
  },
 "horario": [
    {
      "d": "Lunes",
      "o": "9:00",
      "t": "10:00"
    },
    {
      "d": "Miercoles",
      "o": "9:00",
      "t": "10:00"
    },
    {
      "d": "Sabado",
      "o": "9:00",
      "t": "10:00"
    }
  ]
  },
  {
    "id": 6,
    "nombre": "Restaurant Pablo",
    "direccion": "Av. la marina 549",
    "imagen": "",
"imagenlogo": "logtienda.jpg",
"zona" : {
      "id": 1,
      "nombre" :"Tingo Maria"
   },

  "nomcategoria" : "restaurantes",
  "subcategoria" :{
     "id": 1,
     "nombre":"Cevicheria"
  },
 "horario": [
    {
      "d": "Lunes",
      "o": "9:00",
      "t": "10:00"
    },
    {
      "d": "Miercoles",
      "o": "9:00",
      "t": "10:00"
    },
    {
      "d": "Sabado",
      "o": "9:00",
      "t": "10:00"
    }
  ]
  }
]